generator,n_assets,n_lint_errors,n_ok,pass_rate,defect_not_watertight,defect_non_manifold,defect_uv_missing,defect_inverted_normals,defect_inconsistent_normals,defect_floating_debris,defect_over_budget,defect_vertex_color_only,faces_median,faces_p90,unity_mobile_triangle_cap,over_unity_mobile_budget,n_fail,heal_full,heal_partial,heal_none,heal_errored,n_introduced_regressions,wall_ms_p50,wall_ms_p90,wall_ms_max
OVERALL,2307,303,2004,0.250998003992016,0.40069860279441116,0.0968063872255489,0.3972055888223553,0.0,0.018463073852295408,0.046906187624750496,0.6192614770459082,0.14920159680638723,77402.0,618084.6000000002,30000,0.7979041916167665,1501,0.4503664223850766,0.4983344437041972,0.051299133910726186,0.0,454,15458.400000000001,45358.25,450462.0
3DTopia-XL,101,0,101,0.297029702970297,0.36633663366336633,0.0,0.0,0.0,0.009900990099009901,0.21782178217821782,0.48514851485148514,0.0,48794.0,77462.0,30000,0.7920792079207921,71,0.4647887323943662,0.4507042253521127,0.08450704225352113,0.0,6,2148.7,24895.3,31778.8
404_GEN,101,101,0,,,,,,,,,,,,,,,,,,,,,,
Hi3DGen,101,0,101,0.0,0.297029702970297,0.0,1.0,0.0,0.0,0.009900990099009901,1.0,0.0,632684.0,1157000.0,30000,1.0,101,0.33663366336633666,0.6633663366336634,0.0,0.0,54,17381.0,32851.9,51615.2
Hunyuan3D-2,101,0,101,1.0,0.0,0.0,0.0,0.0,0.0,0.0,0.0,0.0,40000.0,40000.0,30000,1.0,,,,,,0,137.0,182.2,280.9
Hunyuan3D-2.1,101,0,101,0.9603960396039604,0.019801980198019802,0.019801980198019802,0.0,0.0,0.0,0.0297029702970297,0.0,0.0,40000.0,40000.0,30000,0.9900990099009901,4,0.75,0.0,0.25,0.0,0,279.3,374.5,1569.2
IM-MA,101,0,101,0.0,0.8415841584158416,0.5346534653465347,1.0,0.0,0.039603960396039604,0.16831683168316833,0.0,1.0,600.0,761.0,30000,0.0,101,0.2871287128712871,0.7128712871287128,0.0,0.0,2,2713.7,4244.4,6198.9
InstantMesh,101,0,101,0.0,0.10891089108910891,0.019801980198019802,1.0,0.0,0.1485148514851485,0.13861386138613863,0.8217821782178217,0.0,74500.0,151556.0,30000,0.9504950495049505,101,0.6138613861386139,0.38613861386138615,0.0,0.0,32,16835.4,26118.5,37614.7
LGM,101,101,0,,,,,,,,,,,,,,,,,,,,,,
MeshFormer,93,0,93,0.0,0.26881720430107525,0.0,1.0,0.0,0.0,0.010752688172043012,1.0,0.0,96892.0,99748.4,30000,1.0,93,0.1935483870967742,0.8064516129032258,0.0,0.0,75,16881.3,35475.46,178076.9
Meshy-5,98,0,98,0.1326530612244898,0.0,0.0,0.0,0.0,0.0,0.0,0.8673469387755102,0.0,69170.0,92289.6,30000,0.9795918367346939,85,1.0,0.0,0.0,0.0,0,27451.25,44225.56,102785.1
Meshy-6,101,0,101,0.0,0.9900990099009901,0.0,0.0,0.0,0.0,0.009900990099009901,1.0,0.0,299266.0,299759.0,30000,1.0,101,0.2376237623762376,0.7623762376237624,0.0,0.0,49,42040.9,55799.4,88654.7
Real3D,101,0,101,0.0,1.0,0.44554455445544555,1.0,0.0,0.0,0.019801980198019802,0.9900990099009901,1.0,205508.0,308479.0,30000,1.0,101,0.3465346534653465,0.6534653465346535,0.0,0.0,14,42413.9,60283.2,78427.3
SAM-3D-Objects-3DGS,101,101,0,,,,,,,,,,,,,,,,,,,,,,
SF3D,101,0,101,0.9504950495049505,0.0297029702970297,0.0297029702970297,0.0,0.0,0.0,0.009900990099009901,0.009900990099009901,0.0,24128.0,35816.0,30000,0.2871287128712871,5,0.8,0.2,0.0,0.0,0,141.3,266.0,31785.9
SPAR3D,101,0,101,0.9108910891089109,0.009900990099009901,0.009900990099009901,0.0,0.0,0.0,0.009900990099009901,0.07920792079207921,0.0,29936.0,47512.0,30000,0.49504950495049505,9,1.0,0.0,0.0,0.0,0,185.7,1066.6,66759.2
Strawb3rry,101,0,101,0.009900990099009901,0.15841584158415842,0.0,0.0,0.0,0.0,0.0,0.9900990099009901,0.0,163878.0,293332.0,30000,0.9900990099009901,100,0.72,0.28,0.0,0.0,18,37124.0,73082.3,106851.0
Strawberrry,101,0,101,0.33663366336633666,0.37623762376237624,0.039603960396039604,0.0,0.0,0.0,0.009900990099009901,0.44554455445544555,0.0,21362.0,59542.0,30000,0.44554455445544555,67,0.5074626865671642,0.1791044776119403,0.31343283582089554,0.0,2,5045.9,41320.5,77673.5
TRELLIS,100,0,100,0.39,0.6,0.0,0.0,0.0,0.0,0.03,0.04,0.0,16403.0,34679.100000000006,30000,0.16,61,0.11475409836065574,0.08196721311475409,0.8032786885245902,0.0,0,504.20000000000005,1687.9100000000003,18100.4
TRELLIS.2-4B,101,0,101,0.0,0.9108910891089109,0.1485148514851485,0.0,0.0,0.04950495049504951,0.06930693069306931,1.0,0.0,290881.0,298573.0,30000,1.0,101,0.26732673267326734,0.7326732673267327,0.0,0.0,70,36364.2,123723.9,450462.0
TripoSG,101,0,101,0.0,0.39603960396039606,0.32673267326732675,1.0,0.0,0.0,0.0594059405940594,1.0,0.0,1367152.0,2444200.0,30000,1.0,101,0.38613861386138615,0.6138613861386139,0.0,0.0,36,30523.9,91554.1,325431.8
TripoSR,97,0,97,0.0,1.0,0.14432989690721648,1.0,0.0,0.0,0.08247422680412371,0.6907216494845361,1.0,60876.0,105524.60000000002,30000,0.8865979381443299,97,0.7938144329896907,0.20618556701030927,0.0,0.0,2,23406.1,36666.320000000014,48434.9
Unique3D,101,0,101,0.0,0.49504950495049505,0.06930693069306931,1.0,0.0,0.1188118811881188,0.039603960396039604,1.0,0.0,665808.0,917216.0,30000,1.0,101,0.22772277227722773,0.7722772277227723,0.0,0.0,59,21427.5,42310.4,144007.5
Zaohaowu3D,101,0,101,0.0,0.1485148514851485,0.13861386138613863,0.0,0.0,0.0,0.019801980198019802,1.0,0.0,500000.0,500000.0,30000,1.0,101,0.6039603960396039,0.39603960396039606,0.0,0.0,35,12039.7,18195.8,123553.8
